"Result","IsRoleAllowedAsPerConfluence::Allowed,NotAllowed","IsRoleAllowedActually","MethodName","APIEndPoint","userName","Role","Typeofrequest","Payload","ResponseStatusCOde","Response"
"Pass","Confluence - NotAllowed","ActualResult - NotAllowed","tenantAdminTenantIdSaveKPI","https://canada.hyperspace.apiv2.carear.app/tenantAdmin/tenant/saveKPI","hyperspaceca01.apiauto@gmail.com","api_super_admin","POST","{""tenantId"":""aMNJNbtGa2X0voSeifpg"",""index"":""1"",""label"":""Rate the experience 3"",""userType"":""host"",""type"":""singleline"",""required"":true,""predefined_data"":"""",""status"":true}","403","{""error"":""Insufficient Permission"",""message"":""Failed to authenticate the User""}"
"Pass","Confluence - Allowed","ActualResult - Allowed","tenantAdminTenantIdSaveKPI","https://canada.hyperspace.apiv2.carear.app/tenantAdmin/tenant/saveKPI","hyperspaceca02.apiauto@gmail.com","super_admin","POST","{""tenantId"":""aMNJNbtGa2X0voSeifpg"",""index"":""1"",""label"":""Rate the experience 3"",""userType"":""host"",""type"":""singleline"",""required"":true,""predefined_data"":"""",""status"":true}","200","{""message"":""Successfully saved KPI builder data""}"
"Pass","Confluence - NotAllowed","ActualResult - NotAllowed","tenantAdminTenantIdSaveKPI","https://canada.hyperspace.apiv2.carear.app/tenantAdmin/tenant/saveKPI","mohammednizhar.p+48@carear.com","SystemAnalyst","POST","{""tenantId"":""aMNJNbtGa2X0voSeifpg"",""index"":""1"",""label"":""Rate the experience 3"",""userType"":""host"",""type"":""singleline"",""required"":true,""predefined_data"":"""",""status"":true}","403","{""error"":""Insufficient Permission"",""message"":""Failed to authenticate the User""}"
"Pass","Confluence - NotAllowed","ActualResult - NotAllowed","tenantAdminTenantIdSaveKPI","https://canada.hyperspace.apiv2.carear.app/tenantAdmin/tenant/saveKPI","mohammednizhar.p+49@carear.com","PartnerCreator","POST","{""tenantId"":""aMNJNbtGa2X0voSeifpg"",""index"":""1"",""label"":""Rate the experience 3"",""userType"":""host"",""type"":""singleline"",""required"":true,""predefined_data"":"""",""status"":true}","403","{""error"":""Insufficient Permission"",""message"":""Failed to authenticate the User""}"
"Pass","Confluence - Allowed","ActualResult - Allowed","tenantAdminTenantIdSaveKPI","https://canada.hyperspace.apiv2.carear.app/tenantAdmin/tenant/saveKPI","mohammednizhar.p+51@carear.com","PrimaryTenantAdmin","POST","{""tenantId"":""aMNJNbtGa2X0voSeifpg"",""index"":""1"",""label"":""Rate the experience 3"",""userType"":""host"",""type"":""singleline"",""required"":true,""predefined_data"":"""",""status"":true}","200","{""message"":""Successfully saved KPI builder data""}"
"Pass","Confluence - Allowed","ActualResult - Allowed","tenantAdminTenantIdSaveKPI","https://canada.hyperspace.apiv2.carear.app/tenantAdmin/tenant/saveKPI","mohammednizhar.p+52@carear.com","SecondaryTenantAdmin","POST","{""tenantId"":""aMNJNbtGa2X0voSeifpg"",""index"":""1"",""label"":""Rate the experience 3"",""userType"":""host"",""type"":""singleline"",""required"":true,""predefined_data"":"""",""status"":true}","200","{""message"":""Successfully saved KPI builder data""}"
"Pass","Confluence - NotAllowed","ActualResult - NotAllowed","tenantAdminTenantIdSaveKPI","https://canada.hyperspace.apiv2.carear.app/tenantAdmin/tenant/saveKPI","mohammednizhar.p+53@carear.com","Analyst","POST","{""tenantId"":""aMNJNbtGa2X0voSeifpg"",""index"":""1"",""label"":""Rate the experience 3"",""userType"":""host"",""type"":""singleline"",""required"":true,""predefined_data"":"""",""status"":true}","403","{""error"":""Insufficient Permission"",""message"":""Failed to authenticate the User""}"
"Pass","Confluence - NotAllowed","ActualResult - NotAllowed","tenantAdminTenantIdSaveKPI","https://canada.hyperspace.apiv2.carear.app/tenantAdmin/tenant/saveKPI","mohammednizhar.p+55@carear.com","User","POST","{""tenantId"":""aMNJNbtGa2X0voSeifpg"",""index"":""1"",""label"":""Rate the experience 3"",""userType"":""host"",""type"":""singleline"",""required"":true,""predefined_data"":"""",""status"":true}","403","{""error"":""Insufficient Permission"",""message"":""Failed to authenticate the User""}"
"Pass","Confluence - Allowed","ActualResult - Allowed","tenantAdminTenantIdSaveKPI","https://canada.hyperspace.apiv2.carear.app/tenantAdmin/tenant/saveKPI","mohammednizhar.p+54@carear.com","Creator","POST","{""tenantId"":""aMNJNbtGa2X0voSeifpg"",""index"":""1"",""label"":""Rate the experience 3"",""userType"":""host"",""type"":""singleline"",""required"":true,""predefined_data"":"""",""status"":true}","200","{""message"":""Successfully saved KPI builder data""}"
"Pass","Confluence - NotAllowed","ActualResult - NotAllowed","tenantAdminTenantIdSaveKPI","https://canada.hyperspace.apiv2.carear.app/tenantAdmin/tenant/saveKPI","mohammednizhar.p+56@carear.com","AnotherPrimaryTenantAdmin","POST","{""tenantId"":""aMNJNbtGa2X0voSeifpg"",""index"":""1"",""label"":""Rate the experience 3"",""userType"":""host"",""type"":""singleline"",""required"":true,""predefined_data"":"""",""status"":true}","403","{""error"":""Insufficient Permission"",""message"":""Failed to authenticate the User""}"
"Pass","Confluence - NotAllowed","ActualResult - NotAllowed","tenantAdminTenantIdSaveKPI","https://canada.hyperspace.apiv2.carear.app/tenantAdmin/tenant/saveKPI","mohammednizhar.p+57@carear.com","SecTenantAdminFromAnotherTenantUnderSameRegion","POST","{""tenantId"":""aMNJNbtGa2X0voSeifpg"",""index"":""1"",""label"":""Rate the experience 3"",""userType"":""host"",""type"":""singleline"",""required"":true,""predefined_data"":"""",""status"":true}","403","{""error"":""Insufficient Permission"",""message"":""Failed to authenticate the User""}"
"Pass","Confluence - NotAllowed","ActualResult - NotAllowed","tenantAdminTenantIdSaveKPI","https://canada.hyperspace.apiv2.carear.app/tenantAdmin/tenant/saveKPI","mohammednizhar.p+58@carear.com","AnalystRoleFromFromAnotherTenantUnderSameRegion","POST","{""tenantId"":""aMNJNbtGa2X0voSeifpg"",""index"":""1"",""label"":""Rate the experience 3"",""userType"":""host"",""type"":""singleline"",""required"":true,""predefined_data"":"""",""status"":true}","403","{""error"":""Insufficient Permission"",""message"":""Failed to authenticate the User""}"
"Pass","Confluence - NotAllowed","ActualResult - NotAllowed","tenantAdminTenantIdSaveKPI","https://canada.hyperspace.apiv2.carear.app/tenantAdmin/tenant/saveKPI","mohammednizhar.p+60@carear.com","UserRoleFromFromAnotherTenantUnderSameRegion","POST","{""tenantId"":""aMNJNbtGa2X0voSeifpg"",""index"":""1"",""label"":""Rate the experience 3"",""userType"":""host"",""type"":""singleline"",""required"":true,""predefined_data"":"""",""status"":true}","403","{""error"":""Insufficient Permission"",""message"":""Failed to authenticate the User""}"
"Pass","Confluence - NotAllowed","ActualResult - NotAllowed","tenantAdminTenantIdSaveKPI","https://canada.hyperspace.apiv2.carear.app/tenantAdmin/tenant/saveKPI","mohammednizhar.p+59@carear.com","CreatorRoleUserFromDifferentTenant","POST","{""tenantId"":""aMNJNbtGa2X0voSeifpg"",""index"":""1"",""label"":""Rate the experience 3"",""userType"":""host"",""type"":""singleline"",""required"":true,""predefined_data"":"""",""status"":true}","403","{""error"":""Insufficient Permission"",""message"":""Failed to authenticate the User""}"
"Pass","Confluence - NotAllowed","ActualResult - NotAllowed","tenantAdminTenantIdSaveKPI","https://canada.hyperspace.apiv2.carear.app/tenantAdmin/tenant/saveKPI","hyperspaceeu01.apiauto@gmail.com","DifferentRegionAPISuperAdmin","POST","{""tenantId"":""aMNJNbtGa2X0voSeifpg"",""index"":""1"",""label"":""Rate the experience 3"",""userType"":""host"",""type"":""singleline"",""required"":true,""predefined_data"":"""",""status"":true}","401","{""error"":""Invalid Token"",""message"":""Cannot destructure property 'aud' of 'jwt.decode(...)' as it is null.""}"
"Pass","Confluence - NotAllowed","ActualResult - NotAllowed","tenantAdminTenantIdSaveKPI","https://canada.hyperspace.apiv2.carear.app/tenantAdmin/tenant/saveKPI","hyperspaceeu02.apiauto@gmail.com","DifferentRegionSuperAdmin","POST","{""tenantId"":""aMNJNbtGa2X0voSeifpg"",""index"":""1"",""label"":""Rate the experience 3"",""userType"":""host"",""type"":""singleline"",""required"":true,""predefined_data"":"""",""status"":true}","401","{""error"":""Invalid Token"",""message"":""Cannot destructure property 'aud' of 'jwt.decode(...)' as it is null.""}"
"Pass","Confluence - NotAllowed","ActualResult - NotAllowed","tenantAdminTenantIdSaveKPI","https://canada.hyperspace.apiv2.carear.app/tenantAdmin/tenant/saveKPI","mohammednizhar.p+35@carear.com","DifferentRegionSystemAnalyst","POST","{""tenantId"":""aMNJNbtGa2X0voSeifpg"",""index"":""1"",""label"":""Rate the experience 3"",""userType"":""host"",""type"":""singleline"",""required"":true,""predefined_data"":"""",""status"":true}","401","{""error"":""Invalid Token"",""message"":""Cannot destructure property 'aud' of 'jwt.decode(...)' as it is null.""}"
"Pass","Confluence - NotAllowed","ActualResult - NotAllowed","tenantAdminTenantIdSaveKPI","https://canada.hyperspace.apiv2.carear.app/tenantAdmin/tenant/saveKPI","mohammednizhar.p+36@carear.com","DiffRegionPartnerCreator","POST","{""tenantId"":""aMNJNbtGa2X0voSeifpg"",""index"":""1"",""label"":""Rate the experience 3"",""userType"":""host"",""type"":""singleline"",""required"":true,""predefined_data"":"""",""status"":true}","401","{""error"":""Invalid Token"",""message"":""Cannot destructure property 'aud' of 'jwt.decode(...)' as it is null.""}"
"Pass","Confluence - NotAllowed","ActualResult - NotAllowed","tenantAdminFetchKpiBuilderData","https://canada.hyperspace.apiv2.carear.app/tenantAdmin/tenant/aMNJNbtGa2X0voSeifpg/fetchBuilderKPI?surveyId=5PVmFUtETNBQ6oOBxLhq","hyperspaceca01.apiauto@gmail.com","api_super_admin","GET","NA","403","{""error"":""Insufficient Permission"",""message"":""Failed to authenticate the User""}"
"Pass","Confluence - Allowed","ActualResult - Allowed","tenantAdminFetchKpiBuilderData","https://canada.hyperspace.apiv2.carear.app/tenantAdmin/tenant/aMNJNbtGa2X0voSeifpg/fetchBuilderKPI?surveyId=5PVmFUtETNBQ6oOBxLhq","hyperspaceca02.apiauto@gmail.com","super_admin","GET","NA","200","{""message"":""Successfully fetch survey data"",""survey"":{""id"":""5PVmFUtETNBQ6oOBxLhq"",""status"":true,""index"":""1"",""type"":""singleline"",""required"":true,""predefined_data"":"""",""label"":""Rate the experience 3"",""tenantId"":""aMNJNbtGa2X0voSeifpg"",""userType"":""host""}}"
"Pass","Confluence - NotAllowed","ActualResult - NotAllowed","tenantAdminFetchKpiBuilderData","https://canada.hyperspace.apiv2.carear.app/tenantAdmin/tenant/aMNJNbtGa2X0voSeifpg/fetchBuilderKPI?surveyId=5PVmFUtETNBQ6oOBxLhq","mohammednizhar.p+48@carear.com","SystemAnalyst","GET","NA","403","{""message"":""Failed to fetch KPI builder data"",""error"":""Insufficient Permission""}"
"Pass","Confluence - Allowed","ActualResult - Allowed","tenantAdminFetchKpiBuilderData","https://canada.hyperspace.apiv2.carear.app/tenantAdmin/tenant/aMNJNbtGa2X0voSeifpg/fetchBuilderKPI?surveyId=5PVmFUtETNBQ6oOBxLhq","mohammednizhar.p+49@carear.com","PartnerCreator","GET","NA","200","{""message"":""Successfully fetch survey data"",""survey"":{""id"":""5PVmFUtETNBQ6oOBxLhq"",""userType"":""host"",""label"":""Rate the experience 3"",""predefined_data"":"""",""index"":""1"",""type"":""singleline"",""status"":true,""tenantId"":""aMNJNbtGa2X0voSeifpg"",""required"":true}}"
"Pass","Confluence - Allowed","ActualResult - Allowed","tenantAdminFetchKpiBuilderData","https://canada.hyperspace.apiv2.carear.app/tenantAdmin/tenant/aMNJNbtGa2X0voSeifpg/fetchBuilderKPI?surveyId=5PVmFUtETNBQ6oOBxLhq","mohammednizhar.p+51@carear.com","PrimaryTenantAdmin","GET","NA","200","{""message"":""Successfully fetch survey data"",""survey"":{""id"":""5PVmFUtETNBQ6oOBxLhq"",""type"":""singleline"",""status"":true,""tenantId"":""aMNJNbtGa2X0voSeifpg"",""label"":""Rate the experience 3"",""predefined_data"":"""",""required"":true,""index"":""1"",""userType"":""host""}}"
"Pass","Confluence - Allowed","ActualResult - Allowed","tenantAdminFetchKpiBuilderData","https://canada.hyperspace.apiv2.carear.app/tenantAdmin/tenant/aMNJNbtGa2X0voSeifpg/fetchBuilderKPI?surveyId=1DP2xHgW2KOf7UQarGbp","mohammednizhar.p+52@carear.com","SecondaryTenantAdmin","GET","NA","200","{""message"":""Successfully fetch survey data"",""survey"":{""id"":""1DP2xHgW2KOf7UQarGbp"",""index"":""1"",""tenantId"":""aMNJNbtGa2X0voSeifpg"",""type"":""singleline"",""status"":true,""label"":""Rate the experience 3"",""userType"":""host"",""predefined_data"":"""",""required"":true}}"
"Pass","Confluence - Allowed","ActualResult - Allowed","tenantAdminFetchKpiBuilderData","https://canada.hyperspace.apiv2.carear.app/tenantAdmin/tenant/aMNJNbtGa2X0voSeifpg/fetchBuilderKPI?surveyId=1DP2xHgW2KOf7UQarGbp","mohammednizhar.p+53@carear.com","Analyst","GET","NA","200","{""message"":""Successfully fetch survey data"",""survey"":{""id"":""1DP2xHgW2KOf7UQarGbp"",""tenantId"":""aMNJNbtGa2X0voSeifpg"",""index"":""1"",""userType"":""host"",""label"":""Rate the experience 3"",""predefined_data"":"""",""status"":true,""required"":true,""type"":""singleline""}}"
"Pass","Confluence - NotAllowed","ActualResult - NotAllowed","tenantAdminFetchKpiBuilderData","https://canada.hyperspace.apiv2.carear.app/tenantAdmin/tenant/aMNJNbtGa2X0voSeifpg/fetchBuilderKPI?surveyId=1DP2xHgW2KOf7UQarGbp","mohammednizhar.p+55@carear.com","User","GET","NA","403","{""message"":""Failed to fetch KPI builder data"",""error"":""Insufficient Permission""}"
"Pass","Confluence - Allowed","ActualResult - Allowed","tenantAdminFetchKpiBuilderData","https://canada.hyperspace.apiv2.carear.app/tenantAdmin/tenant/aMNJNbtGa2X0voSeifpg/fetchBuilderKPI?surveyId=1DP2xHgW2KOf7UQarGbp","mohammednizhar.p+54@carear.com","Creator","GET","NA","200","{""message"":""Successfully fetch survey data"",""survey"":{""id"":""1DP2xHgW2KOf7UQarGbp"",""label"":""Rate the experience 3"",""index"":""1"",""type"":""singleline"",""required"":true,""userType"":""host"",""tenantId"":""aMNJNbtGa2X0voSeifpg"",""status"":true,""predefined_data"":""""}}"
"Pass","Confluence - NotAllowed","ActualResult - NotAllowed","tenantAdminFetchKpiBuilderData","https://canada.hyperspace.apiv2.carear.app/tenantAdmin/tenant/aMNJNbtGa2X0voSeifpg/fetchBuilderKPI?surveyId=1DP2xHgW2KOf7UQarGbp","mohammednizhar.p+56@carear.com","AnotherPrimaryTenantAdmin","GET","NA","403","{""message"":""Failed to fetch KPI builder data"",""error"":""Insufficient Permission""}"
"Pass","Confluence - NotAllowed","ActualResult - NotAllowed","tenantAdminFetchKpiBuilderData","https://canada.hyperspace.apiv2.carear.app/tenantAdmin/tenant/aMNJNbtGa2X0voSeifpg/fetchBuilderKPI?surveyId=1DP2xHgW2KOf7UQarGbp","mohammednizhar.p+57@carear.com","SecTenantAdminFromAnotherTenantUnderSameRegion","GET","NA","403","{""message"":""Failed to fetch KPI builder data"",""error"":""Insufficient Permission""}"
"Pass","Confluence - NotAllowed","ActualResult - NotAllowed","tenantAdminFetchKpiBuilderData","https://canada.hyperspace.apiv2.carear.app/tenantAdmin/tenant/aMNJNbtGa2X0voSeifpg/fetchBuilderKPI?surveyId=1DP2xHgW2KOf7UQarGbp","mohammednizhar.p+58@carear.com","AnalystRoleFromFromAnotherTenantUnderSameRegion","GET","NA","403","{""message"":""Failed to fetch KPI builder data"",""error"":""Insufficient Permission""}"
"Pass","Confluence - NotAllowed","ActualResult - NotAllowed","tenantAdminFetchKpiBuilderData","https://canada.hyperspace.apiv2.carear.app/tenantAdmin/tenant/aMNJNbtGa2X0voSeifpg/fetchBuilderKPI?surveyId=1DP2xHgW2KOf7UQarGbp","mohammednizhar.p+60@carear.com","UserRoleFromFromAnotherTenantUnderSameRegion","GET","NA","403","{""message"":""Failed to fetch KPI builder data"",""error"":""Insufficient Permission""}"
"Pass","Confluence - NotAllowed","ActualResult - NotAllowed","tenantAdminFetchKpiBuilderData","https://canada.hyperspace.apiv2.carear.app/tenantAdmin/tenant/aMNJNbtGa2X0voSeifpg/fetchBuilderKPI?surveyId=1DP2xHgW2KOf7UQarGbp","mohammednizhar.p+59@carear.com","CreatorRoleUserFromDifferentTenant","GET","NA","403","{""message"":""Failed to fetch KPI builder data"",""error"":""Insufficient Permission""}"
"Pass","Confluence - NotAllowed","ActualResult - NotAllowed","tenantAdminFetchKpiBuilderData","https://canada.hyperspace.apiv2.carear.app/tenantAdmin/tenant/aMNJNbtGa2X0voSeifpg/fetchBuilderKPI?surveyId=1DP2xHgW2KOf7UQarGbp","hyperspaceeu01.apiauto@gmail.com","DifferentRegionAPISuperAdmin","GET","NA","401","{""error"":""Invalid Token"",""message"":""Cannot destructure property 'aud' of 'jwt.decode(...)' as it is null.""}"
"Pass","Confluence - NotAllowed","ActualResult - NotAllowed","tenantAdminFetchKpiBuilderData","https://canada.hyperspace.apiv2.carear.app/tenantAdmin/tenant/aMNJNbtGa2X0voSeifpg/fetchBuilderKPI?surveyId=1DP2xHgW2KOf7UQarGbp","hyperspaceeu02.apiauto@gmail.com","DifferentRegionSuperAdmin","GET","NA","401","{""error"":""Invalid Token"",""message"":""Cannot destructure property 'aud' of 'jwt.decode(...)' as it is null.""}"
"Pass","Confluence - NotAllowed","ActualResult - NotAllowed","tenantAdminFetchKpiBuilderData","https://canada.hyperspace.apiv2.carear.app/tenantAdmin/tenant/aMNJNbtGa2X0voSeifpg/fetchBuilderKPI?surveyId=1DP2xHgW2KOf7UQarGbp","mohammednizhar.p+35@carear.com","DifferentRegionSystemAnalyst","GET","NA","401","{""error"":""Invalid Token"",""message"":""Cannot destructure property 'aud' of 'jwt.decode(...)' as it is null.""}"
"Pass","Confluence - NotAllowed","ActualResult - NotAllowed","tenantAdminFetchKpiBuilderData","https://canada.hyperspace.apiv2.carear.app/tenantAdmin/tenant/aMNJNbtGa2X0voSeifpg/fetchBuilderKPI?surveyId=1DP2xHgW2KOf7UQarGbp","mohammednizhar.p+36@carear.com","DiffRegionPartnerCreator","GET","NA","401","{""error"":""Invalid Token"",""message"":""Cannot destructure property 'aud' of 'jwt.decode(...)' as it is null.""}"
"Pass","Confluence - NotAllowed","ActualResult - NotAllowed","tenantAdminSurveyDelete","https://canada.hyperspace.apiv2.carear.app/tenantAdmin/tenants/aMNJNbtGa2X0voSeifpg/survey/1DP2xHgW2KOf7UQarGbp","hyperspaceca01.apiauto@gmail.com","api_super_admin","DELETE","NA","403","{""error"":""Insufficient Permission"",""message"":""Failed to authenticate the User""}"
"Pass","Confluence - Allowed","ActualResult - Allowed","tenantAdminSurveyDelete","https://canada.hyperspace.apiv2.carear.app/tenantAdmin/tenants/aMNJNbtGa2X0voSeifpg/survey/1DP2xHgW2KOf7UQarGbp","hyperspaceca02.apiauto@gmail.com","super_admin","DELETE","NA","200","{""message"":""Survey deleted"",""surveyId"":""1DP2xHgW2KOf7UQarGbp"",""tenantId"":""aMNJNbtGa2X0voSeifpg""}"
"Pass","Confluence - NotAllowed","ActualResult - NotAllowed","tenantAdminSurveyDelete","https://canada.hyperspace.apiv2.carear.app/tenantAdmin/tenants/aMNJNbtGa2X0voSeifpg/survey/5JvyzdLaKddzlwSLQd7c","mohammednizhar.p+48@carear.com","SystemAnalyst","DELETE","NA","403","{""error"":""Insufficient Permission"",""message"":""Failed to authenticate the User""}"
"Fail","Confluence - Allowed","ActualResult - NotAllowed","tenantAdminSurveyDelete","https://canada.hyperspace.apiv2.carear.app/tenantAdmin/tenants/aMNJNbtGa2X0voSeifpg/survey/null","mohammednizhar.p+49@carear.com","PartnerCreator","DELETE","NA","400","{""message"":""Failed to delete survey"",""error"":""Survey does not exist""}"
"Fail","Confluence - Allowed","ActualResult - NotAllowed","tenantAdminSurveyDelete","https://canada.hyperspace.apiv2.carear.app/tenantAdmin/tenants/aMNJNbtGa2X0voSeifpg/survey/null","mohammednizhar.p+51@carear.com","PrimaryTenantAdmin","DELETE","NA","401","{""error"":""Invalid Token"",""message"":""Cannot destructure property 'aud' of 'jwt.decode(...)' as it is null.""}"
"Fail","Confluence - Allowed","ActualResult - NotAllowed","tenantAdminSurveyDelete","https://canada.hyperspace.apiv2.carear.app/tenantAdmin/tenants/aMNJNbtGa2X0voSeifpg/survey/null","mohammednizhar.p+52@carear.com","SecondaryTenantAdmin","DELETE","NA","400","{""message"":""Failed to delete survey"",""error"":""Survey does not exist""}"
"Pass","Confluence - NotAllowed","ActualResult - NotAllowed","tenantAdminSurveyDelete","https://canada.hyperspace.apiv2.carear.app/tenantAdmin/tenants/aMNJNbtGa2X0voSeifpg/survey/null","mohammednizhar.p+53@carear.com","Analyst","DELETE","NA","403","{""error"":""Insufficient Permission"",""message"":""Failed to authenticate the User""}"
"Pass","Confluence - NotAllowed","ActualResult - NotAllowed","tenantAdminSurveyDelete","https://canada.hyperspace.apiv2.carear.app/tenantAdmin/tenants/aMNJNbtGa2X0voSeifpg/survey/null","mohammednizhar.p+55@carear.com","User","DELETE","NA","403","{""error"":""Insufficient Permission"",""message"":""Failed to authenticate the User""}"
"Fail","Confluence - Allowed","ActualResult - NotAllowed","tenantAdminSurveyDelete","https://canada.hyperspace.apiv2.carear.app/tenantAdmin/tenants/aMNJNbtGa2X0voSeifpg/survey/null","mohammednizhar.p+54@carear.com","Creator","DELETE","NA","400","{""message"":""Failed to delete survey"",""error"":""Survey does not exist""}"
"Pass","Confluence - NotAllowed","ActualResult - NotAllowed","tenantAdminSurveyDelete","https://canada.hyperspace.apiv2.carear.app/tenantAdmin/tenants/aMNJNbtGa2X0voSeifpg/survey/null","mohammednizhar.p+56@carear.com","AnotherPrimaryTenantAdmin","DELETE","NA","403","{""message"":""Failed to delete survey"",""error"":""Insufficient Permission""}"
"Pass","Confluence - NotAllowed","ActualResult - NotAllowed","tenantAdminSurveyDelete","https://canada.hyperspace.apiv2.carear.app/tenantAdmin/tenants/aMNJNbtGa2X0voSeifpg/survey/5JvyzdLaKddzlwSLQd7c","mohammednizhar.p+57@carear.com","SecTenantAdminFromAnotherTenantUnderSameRegion","DELETE","NA","403","{""message"":""Failed to delete survey"",""error"":""Insufficient Permission""}"
"Pass","Confluence - NotAllowed","ActualResult - NotAllowed","tenantAdminSurveyDelete","https://canada.hyperspace.apiv2.carear.app/tenantAdmin/tenants/aMNJNbtGa2X0voSeifpg/survey/5JvyzdLaKddzlwSLQd7c","mohammednizhar.p+58@carear.com","AnalystRoleFromFromAnotherTenantUnderSameRegion","DELETE","NA","403","{""error"":""Insufficient Permission"",""message"":""Failed to authenticate the User""}"
"Pass","Confluence - NotAllowed","ActualResult - NotAllowed","tenantAdminSurveyDelete","https://canada.hyperspace.apiv2.carear.app/tenantAdmin/tenants/aMNJNbtGa2X0voSeifpg/survey/null","mohammednizhar.p+60@carear.com","UserRoleFromFromAnotherTenantUnderSameRegion","DELETE","NA","403","{""error"":""Insufficient Permission"",""message"":""Failed to authenticate the User""}"
"Pass","Confluence - NotAllowed","ActualResult - NotAllowed","tenantAdminSurveyDelete","https://canada.hyperspace.apiv2.carear.app/tenantAdmin/tenants/aMNJNbtGa2X0voSeifpg/survey/null","mohammednizhar.p+59@carear.com","CreatorRoleUserFromDifferentTenant","DELETE","NA","403","{""message"":""Failed to delete survey"",""error"":""Insufficient Permission""}"
"Pass","Confluence - NotAllowed","ActualResult - NotAllowed","tenantAdminSurveyDelete","https://canada.hyperspace.apiv2.carear.app/tenantAdmin/tenants/aMNJNbtGa2X0voSeifpg/survey/null","hyperspaceeu01.apiauto@gmail.com","DifferentRegionAPISuperAdmin","DELETE","NA","401","{""error"":""Invalid Token"",""message"":""Cannot destructure property 'aud' of 'jwt.decode(...)' as it is null.""}"
"Pass","Confluence - NotAllowed","ActualResult - NotAllowed","tenantAdminSurveyDelete","https://canada.hyperspace.apiv2.carear.app/tenantAdmin/tenants/aMNJNbtGa2X0voSeifpg/survey/null","hyperspaceeu02.apiauto@gmail.com","DifferentRegionSuperAdmin","DELETE","NA","401","{""error"":""Invalid Token"",""message"":""Cannot destructure property 'aud' of 'jwt.decode(...)' as it is null.""}"
"Pass","Confluence - NotAllowed","ActualResult - NotAllowed","tenantAdminSurveyDelete","https://canada.hyperspace.apiv2.carear.app/tenantAdmin/tenants/aMNJNbtGa2X0voSeifpg/survey/null","mohammednizhar.p+35@carear.com","DifferentRegionSystemAnalyst","DELETE","NA","401","{""error"":""Invalid Token"",""message"":""Cannot destructure property 'aud' of 'jwt.decode(...)' as it is null.""}"
"Pass","Confluence - NotAllowed","ActualResult - NotAllowed","tenantAdminSurveyDelete","https://canada.hyperspace.apiv2.carear.app/tenantAdmin/tenants/aMNJNbtGa2X0voSeifpg/survey/null","mohammednizhar.p+36@carear.com","DiffRegionPartnerCreator","DELETE","NA","401","{""error"":""Invalid Token"",""message"":""Cannot destructure property 'aud' of 'jwt.decode(...)' as it is null.""}"
"Pass","Confluence - NotAllowed","ActualResult - NotAllowed","instructExperienceGoogleTranslationInBulk","https://canada.hyperspace.apiv2.carear.app/tenantAdmin/instructExperience/googleTranslationInBulk","hyperspaceca01.apiauto@gmail.com","api_super_admin","POST","{""sourceLangCode"":""en"",""tenantId"":""aMNJNbtGa2X0voSeifpg"",""inputText"":[""Demo text for translation""],""targetLangCode"":""es""}","403","{""error"":""Insufficient Permission"",""message"":""Failed to authenticate the User""}"
"Pass","Confluence - Allowed","ActualResult - Allowed","instructExperienceGoogleTranslationInBulk","https://canada.hyperspace.apiv2.carear.app/tenantAdmin/instructExperience/googleTranslationInBulk","hyperspaceca02.apiauto@gmail.com","super_admin","POST","{""sourceLangCode"":""en"",""tenantId"":""aMNJNbtGa2X0voSeifpg"",""inputText"":[""Demo text for translation""],""targetLangCode"":""es""}","200","{""message"":""Successfully translated the text"",""translatedText"":[""Texto de demostración para traducción""]}"
"Pass","Confluence - NotAllowed","ActualResult - NotAllowed","instructExperienceGoogleTranslationInBulk","https://canada.hyperspace.apiv2.carear.app/tenantAdmin/instructExperience/googleTranslationInBulk","mohammednizhar.p+48@carear.com","SystemAnalyst","POST","{""sourceLangCode"":""en"",""tenantId"":""aMNJNbtGa2X0voSeifpg"",""inputText"":[""Demo text for translation""],""targetLangCode"":""es""}","403","{""error"":""Insufficient Permission"",""message"":""Failed to authenticate the User""}"
"Pass","Confluence - Allowed","ActualResult - Allowed","instructExperienceGoogleTranslationInBulk","https://canada.hyperspace.apiv2.carear.app/tenantAdmin/instructExperience/googleTranslationInBulk","mohammednizhar.p+49@carear.com","PartnerCreator","POST","{""sourceLangCode"":""en"",""tenantId"":""aMNJNbtGa2X0voSeifpg"",""inputText"":[""Demo text for translation""],""targetLangCode"":""es""}","200","{""message"":""Successfully translated the text"",""translatedText"":[""Texto de demostración para traducción""]}"
"Pass","Confluence - Allowed","ActualResult - Allowed","instructExperienceGoogleTranslationInBulk","https://canada.hyperspace.apiv2.carear.app/tenantAdmin/instructExperience/googleTranslationInBulk","mohammednizhar.p+51@carear.com","PrimaryTenantAdmin","POST","{""sourceLangCode"":""en"",""tenantId"":""aMNJNbtGa2X0voSeifpg"",""inputText"":[""Demo text for translation""],""targetLangCode"":""es""}","200","{""message"":""Successfully translated the text"",""translatedText"":[""Texto de demostración para traducción""]}"
"Pass","Confluence - Allowed","ActualResult - Allowed","instructExperienceGoogleTranslationInBulk","https://canada.hyperspace.apiv2.carear.app/tenantAdmin/instructExperience/googleTranslationInBulk","mohammednizhar.p+52@carear.com","SecondaryTenantAdmin","POST","{""sourceLangCode"":""en"",""tenantId"":""aMNJNbtGa2X0voSeifpg"",""inputText"":[""Demo text for translation""],""targetLangCode"":""es""}","200","{""message"":""Successfully translated the text"",""translatedText"":[""Texto de demostración para traducción""]}"
"Pass","Confluence - NotAllowed","ActualResult - NotAllowed","instructExperienceGoogleTranslationInBulk","https://canada.hyperspace.apiv2.carear.app/tenantAdmin/instructExperience/googleTranslationInBulk","mohammednizhar.p+53@carear.com","Analyst","POST","{""sourceLangCode"":""en"",""tenantId"":""aMNJNbtGa2X0voSeifpg"",""inputText"":[""Demo text for translation""],""targetLangCode"":""es""}","403","{""error"":""Insufficient Permission"",""message"":""Failed to authenticate the User""}"
"Pass","Confluence - NotAllowed","ActualResult - NotAllowed","instructExperienceGoogleTranslationInBulk","https://canada.hyperspace.apiv2.carear.app/tenantAdmin/instructExperience/googleTranslationInBulk","mohammednizhar.p+55@carear.com","User","POST","{""sourceLangCode"":""en"",""tenantId"":""aMNJNbtGa2X0voSeifpg"",""inputText"":[""Demo text for translation""],""targetLangCode"":""es""}","403","{""error"":""Insufficient Permission"",""message"":""Failed to authenticate the User""}"
"Pass","Confluence - Allowed","ActualResult - Allowed","instructExperienceGoogleTranslationInBulk","https://canada.hyperspace.apiv2.carear.app/tenantAdmin/instructExperience/googleTranslationInBulk","mohammednizhar.p+54@carear.com","Creator","POST","{""sourceLangCode"":""en"",""tenantId"":""aMNJNbtGa2X0voSeifpg"",""inputText"":[""Demo text for translation""],""targetLangCode"":""es""}","200","{""message"":""Successfully translated the text"",""translatedText"":[""Texto de demostración para traducción""]}"
"Pass","Confluence - NotAllowed","ActualResult - NotAllowed","instructExperienceGoogleTranslationInBulk","https://canada.hyperspace.apiv2.carear.app/tenantAdmin/instructExperience/googleTranslationInBulk","mohammednizhar.p+56@carear.com","AnotherPrimaryTenantAdmin","POST","{""sourceLangCode"":""en"",""tenantId"":""aMNJNbtGa2X0voSeifpg"",""inputText"":[""Demo text for translation""],""targetLangCode"":""es""}","403","{""error"":""Insufficient Permission"",""message"":""Failed to authenticate the User""}"
"Pass","Confluence - NotAllowed","ActualResult - NotAllowed","instructExperienceGoogleTranslationInBulk","https://canada.hyperspace.apiv2.carear.app/tenantAdmin/instructExperience/googleTranslationInBulk","mohammednizhar.p+57@carear.com","SecTenantAdminFromAnotherTenantUnderSameRegion","POST","{""sourceLangCode"":""en"",""tenantId"":""aMNJNbtGa2X0voSeifpg"",""inputText"":[""Demo text for translation""],""targetLangCode"":""es""}","403","{""error"":""Insufficient Permission"",""message"":""Failed to authenticate the User""}"
"Pass","Confluence - NotAllowed","ActualResult - NotAllowed","instructExperienceGoogleTranslationInBulk","https://canada.hyperspace.apiv2.carear.app/tenantAdmin/instructExperience/googleTranslationInBulk","mohammednizhar.p+58@carear.com","AnalystRoleFromFromAnotherTenantUnderSameRegion","POST","{""sourceLangCode"":""en"",""tenantId"":""aMNJNbtGa2X0voSeifpg"",""inputText"":[""Demo text for translation""],""targetLangCode"":""es""}","403","{""error"":""Insufficient Permission"",""message"":""Failed to authenticate the User""}"
"Pass","Confluence - NotAllowed","ActualResult - NotAllowed","instructExperienceGoogleTranslationInBulk","https://canada.hyperspace.apiv2.carear.app/tenantAdmin/instructExperience/googleTranslationInBulk","mohammednizhar.p+60@carear.com","UserRoleFromFromAnotherTenantUnderSameRegion","POST","{""sourceLangCode"":""en"",""tenantId"":""aMNJNbtGa2X0voSeifpg"",""inputText"":[""Demo text for translation""],""targetLangCode"":""es""}","403","{""error"":""Insufficient Permission"",""message"":""Failed to authenticate the User""}"
"Pass","Confluence - NotAllowed","ActualResult - NotAllowed","instructExperienceGoogleTranslationInBulk","https://canada.hyperspace.apiv2.carear.app/tenantAdmin/instructExperience/googleTranslationInBulk","mohammednizhar.p+59@carear.com","CreatorRoleUserFromDifferentTenant","POST","{""sourceLangCode"":""en"",""tenantId"":""aMNJNbtGa2X0voSeifpg"",""inputText"":[""Demo text for translation""],""targetLangCode"":""es""}","403","{""error"":""Insufficient Permission"",""message"":""Failed to authenticate the User""}"
"Pass","Confluence - NotAllowed","ActualResult - NotAllowed","instructExperienceGoogleTranslationInBulk","https://canada.hyperspace.apiv2.carear.app/tenantAdmin/instructExperience/googleTranslationInBulk","hyperspaceeu01.apiauto@gmail.com","DifferentRegionAPISuperAdmin","POST","{""sourceLangCode"":""en"",""tenantId"":""aMNJNbtGa2X0voSeifpg"",""inputText"":[""Demo text for translation""],""targetLangCode"":""es""}","401","{""error"":""Invalid Token"",""message"":""Cannot destructure property 'aud' of 'jwt.decode(...)' as it is null.""}"
"Pass","Confluence - NotAllowed","ActualResult - NotAllowed","instructExperienceGoogleTranslationInBulk","https://canada.hyperspace.apiv2.carear.app/tenantAdmin/instructExperience/googleTranslationInBulk","hyperspaceeu02.apiauto@gmail.com","DifferentRegionSuperAdmin","POST","{""sourceLangCode"":""en"",""tenantId"":""aMNJNbtGa2X0voSeifpg"",""inputText"":[""Demo text for translation""],""targetLangCode"":""es""}","401","{""error"":""Invalid Token"",""message"":""Cannot destructure property 'aud' of 'jwt.decode(...)' as it is null.""}"
"Pass","Confluence - NotAllowed","ActualResult - NotAllowed","instructExperienceGoogleTranslationInBulk","https://canada.hyperspace.apiv2.carear.app/tenantAdmin/instructExperience/googleTranslationInBulk","mohammednizhar.p+35@carear.com","DifferentRegionSystemAnalyst","POST","{""sourceLangCode"":""en"",""tenantId"":""aMNJNbtGa2X0voSeifpg"",""inputText"":[""Demo text for translation""],""targetLangCode"":""es""}","401","{""error"":""Invalid Token"",""message"":""Cannot destructure property 'aud' of 'jwt.decode(...)' as it is null.""}"
"Pass","Confluence - NotAllowed","ActualResult - NotAllowed","instructExperienceGoogleTranslationInBulk","https://canada.hyperspace.apiv2.carear.app/tenantAdmin/instructExperience/googleTranslationInBulk","mohammednizhar.p+36@carear.com","DiffRegionPartnerCreator","POST","{""sourceLangCode"":""en"",""tenantId"":""aMNJNbtGa2X0voSeifpg"",""inputText"":[""Demo text for translation""],""targetLangCode"":""es""}","401","{""error"":""Invalid Token"",""message"":""Cannot destructure property 'aud' of 'jwt.decode(...)' as it is null.""}"
"Pass","Confluence - NotAllowed","ActualResult - NotAllowed","instructExperienceCopyStorageData","https://canada.hyperspace.apiv2.carear.app/tenantAdmin/instructExperience/copyStorageData","hyperspaceca01.apiauto@gmail.com","api_super_admin","POST","{""experienceId"":""5TlzKam9F8k30MJdpdFI"",""fromLanguageCode"":""en"",""toLanguageCode"":""fr"",""filesToCopy"":[""{\""path\"":\""/video/2021 XEROX CareAR _ B405 _ 3 _ MAC DRIVER SETUP _ 1080.mp4\""}""],""tenantId"":""aMNJNbtGa2X0voSeifpg"",""version"":""v1""}","403","{""error"":""Insufficient Permission"",""message"":""Failed to authenticate the User""}"
"Pass","Confluence - Allowed","ActualResult - Allowed","instructExperienceCopyStorageData","https://canada.hyperspace.apiv2.carear.app/tenantAdmin/instructExperience/copyStorageData","hyperspaceca02.apiauto@gmail.com","super_admin","POST","{""experienceId"":""5TlzKam9F8k30MJdpdFI"",""fromLanguageCode"":""en"",""toLanguageCode"":""fr"",""filesToCopy"":[""{\""path\"":\""/video/2021 XEROX CareAR _ B405 _ 3 _ MAC DRIVER SETUP _ 1080.mp4\""}""],""tenantId"":""aMNJNbtGa2X0voSeifpg"",""version"":""v1""}","200","{""message"":""successfully copy storage data"",""finalFilesPath"":[]}"
"Pass","Confluence - NotAllowed","ActualResult - NotAllowed","instructExperienceCopyStorageData","https://canada.hyperspace.apiv2.carear.app/tenantAdmin/instructExperience/copyStorageData","mohammednizhar.p+48@carear.com","SystemAnalyst","POST","{""experienceId"":""5TlzKam9F8k30MJdpdFI"",""fromLanguageCode"":""en"",""toLanguageCode"":""fr"",""filesToCopy"":[""{\""path\"":\""/video/2021 XEROX CareAR _ B405 _ 3 _ MAC DRIVER SETUP _ 1080.mp4\""}""],""tenantId"":""aMNJNbtGa2X0voSeifpg"",""version"":""v1""}","403","{""error"":""Insufficient Permission"",""message"":""Failed to authenticate the User""}"
"Pass","Confluence - Allowed","ActualResult - Allowed","instructExperienceCopyStorageData","https://canada.hyperspace.apiv2.carear.app/tenantAdmin/instructExperience/copyStorageData","mohammednizhar.p+49@carear.com","PartnerCreator","POST","{""experienceId"":""5TlzKam9F8k30MJdpdFI"",""fromLanguageCode"":""en"",""toLanguageCode"":""fr"",""filesToCopy"":[""{\""path\"":\""/video/2021 XEROX CareAR _ B405 _ 3 _ MAC DRIVER SETUP _ 1080.mp4\""}""],""tenantId"":""aMNJNbtGa2X0voSeifpg"",""version"":""v1""}","200","{""message"":""successfully copy storage data"",""finalFilesPath"":[]}"
"Pass","Confluence - Allowed","ActualResult - Allowed","instructExperienceCopyStorageData","https://canada.hyperspace.apiv2.carear.app/tenantAdmin/instructExperience/copyStorageData","mohammednizhar.p+51@carear.com","PrimaryTenantAdmin","POST","{""experienceId"":""5TlzKam9F8k30MJdpdFI"",""fromLanguageCode"":""en"",""toLanguageCode"":""fr"",""filesToCopy"":[""{\""path\"":\""/video/2021 XEROX CareAR _ B405 _ 3 _ MAC DRIVER SETUP _ 1080.mp4\""}""],""tenantId"":""aMNJNbtGa2X0voSeifpg"",""version"":""v1""}","200","{""message"":""successfully copy storage data"",""finalFilesPath"":[]}"
"Pass","Confluence - Allowed","ActualResult - Allowed","instructExperienceCopyStorageData","https://canada.hyperspace.apiv2.carear.app/tenantAdmin/instructExperience/copyStorageData","mohammednizhar.p+52@carear.com","SecondaryTenantAdmin","POST","{""experienceId"":""5TlzKam9F8k30MJdpdFI"",""fromLanguageCode"":""en"",""toLanguageCode"":""fr"",""filesToCopy"":[""{\""path\"":\""/video/2021 XEROX CareAR _ B405 _ 3 _ MAC DRIVER SETUP _ 1080.mp4\""}""],""tenantId"":""aMNJNbtGa2X0voSeifpg"",""version"":""v1""}","200","{""message"":""successfully copy storage data"",""finalFilesPath"":[]}"
"Pass","Confluence - NotAllowed","ActualResult - NotAllowed","instructExperienceCopyStorageData","https://canada.hyperspace.apiv2.carear.app/tenantAdmin/instructExperience/copyStorageData","mohammednizhar.p+53@carear.com","Analyst","POST","{""experienceId"":""5TlzKam9F8k30MJdpdFI"",""fromLanguageCode"":""en"",""toLanguageCode"":""fr"",""filesToCopy"":[""{\""path\"":\""/video/2021 XEROX CareAR _ B405 _ 3 _ MAC DRIVER SETUP _ 1080.mp4\""}""],""tenantId"":""aMNJNbtGa2X0voSeifpg"",""version"":""v1""}","403","{""error"":""Insufficient Permission"",""message"":""Failed to authenticate the User""}"
"Pass","Confluence - NotAllowed","ActualResult - NotAllowed","instructExperienceCopyStorageData","https://canada.hyperspace.apiv2.carear.app/tenantAdmin/instructExperience/copyStorageData","mohammednizhar.p+55@carear.com","User","POST","{""experienceId"":""5TlzKam9F8k30MJdpdFI"",""fromLanguageCode"":""en"",""toLanguageCode"":""fr"",""filesToCopy"":[""{\""path\"":\""/video/2021 XEROX CareAR _ B405 _ 3 _ MAC DRIVER SETUP _ 1080.mp4\""}""],""tenantId"":""aMNJNbtGa2X0voSeifpg"",""version"":""v1""}","403","{""error"":""Insufficient Permission"",""message"":""Failed to authenticate the User""}"
"Pass","Confluence - Allowed","ActualResult - Allowed","instructExperienceCopyStorageData","https://canada.hyperspace.apiv2.carear.app/tenantAdmin/instructExperience/copyStorageData","mohammednizhar.p+54@carear.com","Creator","POST","{""experienceId"":""5TlzKam9F8k30MJdpdFI"",""fromLanguageCode"":""en"",""toLanguageCode"":""fr"",""filesToCopy"":[""{\""path\"":\""/video/2021 XEROX CareAR _ B405 _ 3 _ MAC DRIVER SETUP _ 1080.mp4\""}""],""tenantId"":""aMNJNbtGa2X0voSeifpg"",""version"":""v1""}","200","{""message"":""successfully copy storage data"",""finalFilesPath"":[]}"
"Pass","Confluence - NotAllowed","ActualResult - NotAllowed","instructExperienceCopyStorageData","https://canada.hyperspace.apiv2.carear.app/tenantAdmin/instructExperience/copyStorageData","mohammednizhar.p+56@carear.com","AnotherPrimaryTenantAdmin","POST","{""experienceId"":""5TlzKam9F8k30MJdpdFI"",""fromLanguageCode"":""en"",""toLanguageCode"":""fr"",""filesToCopy"":[""{\""path\"":\""/video/2021 XEROX CareAR _ B405 _ 3 _ MAC DRIVER SETUP _ 1080.mp4\""}""],""tenantId"":""aMNJNbtGa2X0voSeifpg"",""version"":""v1""}","403","{""error"":""Insufficient Permission"",""message"":""Failed to authenticate the User""}"
"Pass","Confluence - NotAllowed","ActualResult - NotAllowed","instructExperienceCopyStorageData","https://canada.hyperspace.apiv2.carear.app/tenantAdmin/instructExperience/copyStorageData","mohammednizhar.p+57@carear.com","SecTenantAdminFromAnotherTenantUnderSameRegion","POST","{""experienceId"":""5TlzKam9F8k30MJdpdFI"",""fromLanguageCode"":""en"",""toLanguageCode"":""fr"",""filesToCopy"":[""{\""path\"":\""/video/2021 XEROX CareAR _ B405 _ 3 _ MAC DRIVER SETUP _ 1080.mp4\""}""],""tenantId"":""aMNJNbtGa2X0voSeifpg"",""version"":""v1""}","403","{""error"":""Insufficient Permission"",""message"":""Failed to authenticate the User""}"
"Pass","Confluence - NotAllowed","ActualResult - NotAllowed","instructExperienceCopyStorageData","https://canada.hyperspace.apiv2.carear.app/tenantAdmin/instructExperience/copyStorageData","mohammednizhar.p+58@carear.com","AnalystRoleFromFromAnotherTenantUnderSameRegion","POST","{""experienceId"":""5TlzKam9F8k30MJdpdFI"",""fromLanguageCode"":""en"",""toLanguageCode"":""fr"",""filesToCopy"":[""{\""path\"":\""/video/2021 XEROX CareAR _ B405 _ 3 _ MAC DRIVER SETUP _ 1080.mp4\""}""],""tenantId"":""aMNJNbtGa2X0voSeifpg"",""version"":""v1""}","403","{""error"":""Insufficient Permission"",""message"":""Failed to authenticate the User""}"
"Pass","Confluence - NotAllowed","ActualResult - NotAllowed","instructExperienceCopyStorageData","https://canada.hyperspace.apiv2.carear.app/tenantAdmin/instructExperience/copyStorageData","mohammednizhar.p+60@carear.com","UserRoleFromFromAnotherTenantUnderSameRegion","POST","{""experienceId"":""5TlzKam9F8k30MJdpdFI"",""fromLanguageCode"":""en"",""toLanguageCode"":""fr"",""filesToCopy"":[""{\""path\"":\""/video/2021 XEROX CareAR _ B405 _ 3 _ MAC DRIVER SETUP _ 1080.mp4\""}""],""tenantId"":""aMNJNbtGa2X0voSeifpg"",""version"":""v1""}","403","{""error"":""Insufficient Permission"",""message"":""Failed to authenticate the User""}"
"Pass","Confluence - NotAllowed","ActualResult - NotAllowed","instructExperienceCopyStorageData","https://canada.hyperspace.apiv2.carear.app/tenantAdmin/instructExperience/copyStorageData","mohammednizhar.p+59@carear.com","CreatorRoleUserFromDifferentTenant","POST","{""experienceId"":""5TlzKam9F8k30MJdpdFI"",""fromLanguageCode"":""en"",""toLanguageCode"":""fr"",""filesToCopy"":[""{\""path\"":\""/video/2021 XEROX CareAR _ B405 _ 3 _ MAC DRIVER SETUP _ 1080.mp4\""}""],""tenantId"":""aMNJNbtGa2X0voSeifpg"",""version"":""v1""}","403","{""error"":""Insufficient Permission"",""message"":""Failed to authenticate the User""}"
"Pass","Confluence - NotAllowed","ActualResult - NotAllowed","instructExperienceCopyStorageData","https://canada.hyperspace.apiv2.carear.app/tenantAdmin/instructExperience/copyStorageData","hyperspaceeu01.apiauto@gmail.com","DifferentRegionAPISuperAdmin","POST","{""experienceId"":""5TlzKam9F8k30MJdpdFI"",""fromLanguageCode"":""en"",""toLanguageCode"":""fr"",""filesToCopy"":[""{\""path\"":\""/video/2021 XEROX CareAR _ B405 _ 3 _ MAC DRIVER SETUP _ 1080.mp4\""}""],""tenantId"":""aMNJNbtGa2X0voSeifpg"",""version"":""v1""}","401","{""error"":""Invalid Token"",""message"":""Cannot destructure property 'aud' of 'jwt.decode(...)' as it is null.""}"
"Pass","Confluence - NotAllowed","ActualResult - NotAllowed","instructExperienceCopyStorageData","https://canada.hyperspace.apiv2.carear.app/tenantAdmin/instructExperience/copyStorageData","hyperspaceeu02.apiauto@gmail.com","DifferentRegionSuperAdmin","POST","{""experienceId"":""5TlzKam9F8k30MJdpdFI"",""fromLanguageCode"":""en"",""toLanguageCode"":""fr"",""filesToCopy"":[""{\""path\"":\""/video/2021 XEROX CareAR _ B405 _ 3 _ MAC DRIVER SETUP _ 1080.mp4\""}""],""tenantId"":""aMNJNbtGa2X0voSeifpg"",""version"":""v1""}","401","{""error"":""Invalid Token"",""message"":""Cannot destructure property 'aud' of 'jwt.decode(...)' as it is null.""}"
"Pass","Confluence - NotAllowed","ActualResult - NotAllowed","instructExperienceCopyStorageData","https://canada.hyperspace.apiv2.carear.app/tenantAdmin/instructExperience/copyStorageData","mohammednizhar.p+35@carear.com","DifferentRegionSystemAnalyst","POST","{""experienceId"":""5TlzKam9F8k30MJdpdFI"",""fromLanguageCode"":""en"",""toLanguageCode"":""fr"",""filesToCopy"":[""{\""path\"":\""/video/2021 XEROX CareAR _ B405 _ 3 _ MAC DRIVER SETUP _ 1080.mp4\""}""],""tenantId"":""aMNJNbtGa2X0voSeifpg"",""version"":""v1""}","401","{""error"":""Invalid Token"",""message"":""Cannot destructure property 'aud' of 'jwt.decode(...)' as it is null.""}"
"Pass","Confluence - NotAllowed","ActualResult - NotAllowed","instructExperienceCopyStorageData","https://canada.hyperspace.apiv2.carear.app/tenantAdmin/instructExperience/copyStorageData","mohammednizhar.p+36@carear.com","DiffRegionPartnerCreator","POST","{""experienceId"":""5TlzKam9F8k30MJdpdFI"",""fromLanguageCode"":""en"",""toLanguageCode"":""fr"",""filesToCopy"":[""{\""path\"":\""/video/2021 XEROX CareAR _ B405 _ 3 _ MAC DRIVER SETUP _ 1080.mp4\""}""],""tenantId"":""aMNJNbtGa2X0voSeifpg"",""version"":""v1""}","401","{""error"":""Invalid Token"",""message"":""Cannot destructure property 'aud' of 'jwt.decode(...)' as it is null.""}"
"Pass","Confluence - NotAllowed","ActualResult - NotAllowed","updateDefaultInstructLanguage","https://canada.hyperspace.apiv2.carear.app/tenantAdmin/instructExperience/tenants/aMNJNbtGa2X0voSeifpg/experiences/5TlzKam9F8k30MJdpdFI/version/v1/languageCode/en","hyperspaceca01.apiauto@gmail.com","api_super_admin","PUT","{""experienceId"":""5TlzKam9F8k30MJdpdFI"",""tenantId"":""aMNJNbtGa2X0voSeifpg"",""languageCode"":""en"",""version"":""v1""}","403","{""error"":""Insufficient Permission"",""message"":""Failed to authenticate the User""}"
"Pass","Confluence - Allowed","ActualResult - Allowed","updateDefaultInstructLanguage","https://canada.hyperspace.apiv2.carear.app/tenantAdmin/instructExperience/tenants/aMNJNbtGa2X0voSeifpg/experiences/5TlzKam9F8k30MJdpdFI/version/v1/languageCode/en","hyperspaceca02.apiauto@gmail.com","super_admin","PUT","{""experienceId"":""5TlzKam9F8k30MJdpdFI"",""tenantId"":""aMNJNbtGa2X0voSeifpg"",""languageCode"":""en"",""version"":""v1""}","200","{""message"":""Successfully updated default instruct experience language""}"
"Pass","Confluence - NotAllowed","ActualResult - NotAllowed","updateDefaultInstructLanguage","https://canada.hyperspace.apiv2.carear.app/tenantAdmin/instructExperience/tenants/aMNJNbtGa2X0voSeifpg/experiences/5TlzKam9F8k30MJdpdFI/version/v1/languageCode/en","mohammednizhar.p+48@carear.com","SystemAnalyst","PUT","{""experienceId"":""5TlzKam9F8k30MJdpdFI"",""tenantId"":""aMNJNbtGa2X0voSeifpg"",""languageCode"":""en"",""version"":""v1""}","403","{""error"":""Insufficient Permission"",""message"":""Failed to authenticate the User""}"
"Pass","Confluence - Allowed","ActualResult - Allowed","updateDefaultInstructLanguage","https://canada.hyperspace.apiv2.carear.app/tenantAdmin/instructExperience/tenants/aMNJNbtGa2X0voSeifpg/experiences/5TlzKam9F8k30MJdpdFI/version/v1/languageCode/en","mohammednizhar.p+49@carear.com","PartnerCreator","PUT","{""experienceId"":""5TlzKam9F8k30MJdpdFI"",""tenantId"":""aMNJNbtGa2X0voSeifpg"",""languageCode"":""en"",""version"":""v1""}","200","{""message"":""Successfully updated default instruct experience language""}"
"Pass","Confluence - Allowed","ActualResult - Allowed","updateDefaultInstructLanguage","https://canada.hyperspace.apiv2.carear.app/tenantAdmin/instructExperience/tenants/aMNJNbtGa2X0voSeifpg/experiences/5TlzKam9F8k30MJdpdFI/version/v1/languageCode/en","mohammednizhar.p+51@carear.com","PrimaryTenantAdmin","PUT","{""experienceId"":""5TlzKam9F8k30MJdpdFI"",""tenantId"":""aMNJNbtGa2X0voSeifpg"",""languageCode"":""en"",""version"":""v1""}","200","{""message"":""Successfully updated default instruct experience language""}"
"Pass","Confluence - Allowed","ActualResult - Allowed","updateDefaultInstructLanguage","https://canada.hyperspace.apiv2.carear.app/tenantAdmin/instructExperience/tenants/aMNJNbtGa2X0voSeifpg/experiences/5TlzKam9F8k30MJdpdFI/version/v1/languageCode/en","mohammednizhar.p+52@carear.com","SecondaryTenantAdmin","PUT","{""experienceId"":""5TlzKam9F8k30MJdpdFI"",""tenantId"":""aMNJNbtGa2X0voSeifpg"",""languageCode"":""en"",""version"":""v1""}","200","{""message"":""Successfully updated default instruct experience language""}"
"Pass","Confluence - NotAllowed","ActualResult - NotAllowed","updateDefaultInstructLanguage","https://canada.hyperspace.apiv2.carear.app/tenantAdmin/instructExperience/tenants/aMNJNbtGa2X0voSeifpg/experiences/5TlzKam9F8k30MJdpdFI/version/v1/languageCode/en","mohammednizhar.p+53@carear.com","Analyst","PUT","{""experienceId"":""5TlzKam9F8k30MJdpdFI"",""tenantId"":""aMNJNbtGa2X0voSeifpg"",""languageCode"":""en"",""version"":""v1""}","403","{""error"":""Insufficient Permission"",""message"":""Failed to authenticate the User""}"
"Pass","Confluence - NotAllowed","ActualResult - NotAllowed","updateDefaultInstructLanguage","https://canada.hyperspace.apiv2.carear.app/tenantAdmin/instructExperience/tenants/aMNJNbtGa2X0voSeifpg/experiences/5TlzKam9F8k30MJdpdFI/version/v1/languageCode/en","mohammednizhar.p+55@carear.com","User","PUT","{""experienceId"":""5TlzKam9F8k30MJdpdFI"",""tenantId"":""aMNJNbtGa2X0voSeifpg"",""languageCode"":""en"",""version"":""v1""}","403","{""error"":""Insufficient Permission"",""message"":""Failed to authenticate the User""}"
"Pass","Confluence - Allowed","ActualResult - Allowed","updateDefaultInstructLanguage","https://canada.hyperspace.apiv2.carear.app/tenantAdmin/instructExperience/tenants/aMNJNbtGa2X0voSeifpg/experiences/5TlzKam9F8k30MJdpdFI/version/v1/languageCode/en","mohammednizhar.p+54@carear.com","Creator","PUT","{""experienceId"":""5TlzKam9F8k30MJdpdFI"",""tenantId"":""aMNJNbtGa2X0voSeifpg"",""languageCode"":""en"",""version"":""v1""}","200","{""message"":""Successfully updated default instruct experience language""}"
"Pass","Confluence - NotAllowed","ActualResult - NotAllowed","updateDefaultInstructLanguage","https://canada.hyperspace.apiv2.carear.app/tenantAdmin/instructExperience/tenants/aMNJNbtGa2X0voSeifpg/experiences/5TlzKam9F8k30MJdpdFI/version/v1/languageCode/en","mohammednizhar.p+56@carear.com","AnotherPrimaryTenantAdmin","PUT","{""experienceId"":""5TlzKam9F8k30MJdpdFI"",""tenantId"":""aMNJNbtGa2X0voSeifpg"",""languageCode"":""en"",""version"":""v1""}","403","{""error"":""Insufficient Permission"",""message"":""Failed to authenticate the User""}"
"Pass","Confluence - NotAllowed","ActualResult - NotAllowed","updateDefaultInstructLanguage","https://canada.hyperspace.apiv2.carear.app/tenantAdmin/instructExperience/tenants/aMNJNbtGa2X0voSeifpg/experiences/5TlzKam9F8k30MJdpdFI/version/v1/languageCode/en","mohammednizhar.p+57@carear.com","SecTenantAdminFromAnotherTenantUnderSameRegion","PUT","{""experienceId"":""5TlzKam9F8k30MJdpdFI"",""tenantId"":""aMNJNbtGa2X0voSeifpg"",""languageCode"":""en"",""version"":""v1""}","403","{""error"":""Insufficient Permission"",""message"":""Failed to authenticate the User""}"
"Pass","Confluence - NotAllowed","ActualResult - NotAllowed","updateDefaultInstructLanguage","https://canada.hyperspace.apiv2.carear.app/tenantAdmin/instructExperience/tenants/aMNJNbtGa2X0voSeifpg/experiences/5TlzKam9F8k30MJdpdFI/version/v1/languageCode/en","mohammednizhar.p+58@carear.com","AnalystRoleFromFromAnotherTenantUnderSameRegion","PUT","{""experienceId"":""5TlzKam9F8k30MJdpdFI"",""tenantId"":""aMNJNbtGa2X0voSeifpg"",""languageCode"":""en"",""version"":""v1""}","403","{""error"":""Insufficient Permission"",""message"":""Failed to authenticate the User""}"
"Pass","Confluence - NotAllowed","ActualResult - NotAllowed","updateDefaultInstructLanguage","https://canada.hyperspace.apiv2.carear.app/tenantAdmin/instructExperience/tenants/aMNJNbtGa2X0voSeifpg/experiences/5TlzKam9F8k30MJdpdFI/version/v1/languageCode/en","mohammednizhar.p+60@carear.com","UserRoleFromFromAnotherTenantUnderSameRegion","PUT","{""experienceId"":""5TlzKam9F8k30MJdpdFI"",""tenantId"":""aMNJNbtGa2X0voSeifpg"",""languageCode"":""en"",""version"":""v1""}","403","{""error"":""Insufficient Permission"",""message"":""Failed to authenticate the User""}"
"Pass","Confluence - NotAllowed","ActualResult - NotAllowed","updateDefaultInstructLanguage","https://canada.hyperspace.apiv2.carear.app/tenantAdmin/instructExperience/tenants/aMNJNbtGa2X0voSeifpg/experiences/5TlzKam9F8k30MJdpdFI/version/v1/languageCode/en","mohammednizhar.p+59@carear.com","CreatorRoleUserFromDifferentTenant","PUT","{""experienceId"":""5TlzKam9F8k30MJdpdFI"",""tenantId"":""aMNJNbtGa2X0voSeifpg"",""languageCode"":""en"",""version"":""v1""}","403","{""error"":""Insufficient Permission"",""message"":""Failed to authenticate the User""}"
"Pass","Confluence - NotAllowed","ActualResult - NotAllowed","updateDefaultInstructLanguage","https://canada.hyperspace.apiv2.carear.app/tenantAdmin/instructExperience/tenants/aMNJNbtGa2X0voSeifpg/experiences/5TlzKam9F8k30MJdpdFI/version/v1/languageCode/en","hyperspaceeu01.apiauto@gmail.com","DifferentRegionAPISuperAdmin","PUT","{""experienceId"":""5TlzKam9F8k30MJdpdFI"",""tenantId"":""aMNJNbtGa2X0voSeifpg"",""languageCode"":""en"",""version"":""v1""}","401","{""error"":""Invalid Token"",""message"":""Cannot destructure property 'aud' of 'jwt.decode(...)' as it is null.""}"
"Pass","Confluence - NotAllowed","ActualResult - NotAllowed","updateDefaultInstructLanguage","https://canada.hyperspace.apiv2.carear.app/tenantAdmin/instructExperience/tenants/aMNJNbtGa2X0voSeifpg/experiences/5TlzKam9F8k30MJdpdFI/version/v1/languageCode/en","hyperspaceeu02.apiauto@gmail.com","DifferentRegionSuperAdmin","PUT","{""experienceId"":""5TlzKam9F8k30MJdpdFI"",""tenantId"":""aMNJNbtGa2X0voSeifpg"",""languageCode"":""en"",""version"":""v1""}","401","{""error"":""Invalid Token"",""message"":""Cannot destructure property 'aud' of 'jwt.decode(...)' as it is null.""}"
"Pass","Confluence - NotAllowed","ActualResult - NotAllowed","updateDefaultInstructLanguage","https://canada.hyperspace.apiv2.carear.app/tenantAdmin/instructExperience/tenants/aMNJNbtGa2X0voSeifpg/experiences/5TlzKam9F8k30MJdpdFI/version/v1/languageCode/en","mohammednizhar.p+35@carear.com","DifferentRegionSystemAnalyst","PUT","{""experienceId"":""5TlzKam9F8k30MJdpdFI"",""tenantId"":""aMNJNbtGa2X0voSeifpg"",""languageCode"":""en"",""version"":""v1""}","401","{""error"":""Invalid Token"",""message"":""Cannot destructure property 'aud' of 'jwt.decode(...)' as it is null.""}"
"Pass","Confluence - NotAllowed","ActualResult - NotAllowed","updateDefaultInstructLanguage","https://canada.hyperspace.apiv2.carear.app/tenantAdmin/instructExperience/tenants/aMNJNbtGa2X0voSeifpg/experiences/5TlzKam9F8k30MJdpdFI/version/v1/languageCode/en","mohammednizhar.p+36@carear.com","DiffRegionPartnerCreator","PUT","{""experienceId"":""5TlzKam9F8k30MJdpdFI"",""tenantId"":""aMNJNbtGa2X0voSeifpg"",""languageCode"":""en"",""version"":""v1""}","401","{""error"":""Invalid Token"",""message"":""Cannot destructure property 'aud' of 'jwt.decode(...)' as it is null.""}"
"Pass","Confluence - NotAllowed","ActualResult - NotAllowed","deleteInstructExperienceLanguage","https://canada.hyperspace.apiv2.carear.app/tenantAdmin/instructExperience/tenants/aMNJNbtGa2X0voSeifpg/experiences/5TlzKam9F8k30MJdpdFI/version/v1/languageCode/fr","hyperspaceca01.apiauto@gmail.com","api_super_admin","DELETE","NA","403","{""error"":""Insufficient Permission"",""message"":""Failed to authenticate the User""}"
"Pass","Confluence - Allowed","ActualResult - Allowed","deleteInstructExperienceLanguage","https://canada.hyperspace.apiv2.carear.app/tenantAdmin/instructExperience/tenants/aMNJNbtGa2X0voSeifpg/experiences/5TlzKam9F8k30MJdpdFI/version/v1/languageCode/fr","hyperspaceca02.apiauto@gmail.com","super_admin","DELETE","NA","200","{""message"":""Successfully deleted instruct experience language""}"
"Pass","Confluence - NotAllowed","ActualResult - NotAllowed","deleteInstructExperienceLanguage","https://canada.hyperspace.apiv2.carear.app/tenantAdmin/instructExperience/tenants/aMNJNbtGa2X0voSeifpg/experiences/5TlzKam9F8k30MJdpdFI/version/v1/languageCode/fr","mohammednizhar.p+48@carear.com","SystemAnalyst","DELETE","NA","403","{""error"":""Insufficient Permission"",""message"":""Failed to authenticate the User""}"
"Pass","Confluence - Allowed","ActualResult - Allowed","deleteInstructExperienceLanguage","https://canada.hyperspace.apiv2.carear.app/tenantAdmin/instructExperience/tenants/aMNJNbtGa2X0voSeifpg/experiences/5TlzKam9F8k30MJdpdFI/version/v1/languageCode/fr","mohammednizhar.p+49@carear.com","PartnerCreator","DELETE","NA","200","{""message"":""Successfully deleted instruct experience language""}"
"Pass","Confluence - Allowed","ActualResult - Allowed","deleteInstructExperienceLanguage","https://canada.hyperspace.apiv2.carear.app/tenantAdmin/instructExperience/tenants/aMNJNbtGa2X0voSeifpg/experiences/5TlzKam9F8k30MJdpdFI/version/v1/languageCode/fr","mohammednizhar.p+51@carear.com","PrimaryTenantAdmin","DELETE","NA","200","{""message"":""Successfully deleted instruct experience language""}"
"Pass","Confluence - Allowed","ActualResult - Allowed","deleteInstructExperienceLanguage","https://canada.hyperspace.apiv2.carear.app/tenantAdmin/instructExperience/tenants/aMNJNbtGa2X0voSeifpg/experiences/5TlzKam9F8k30MJdpdFI/version/v1/languageCode/fr","mohammednizhar.p+52@carear.com","SecondaryTenantAdmin","DELETE","NA","200","{""message"":""Successfully deleted instruct experience language""}"
"Pass","Confluence - NotAllowed","ActualResult - NotAllowed","deleteInstructExperienceLanguage","https://canada.hyperspace.apiv2.carear.app/tenantAdmin/instructExperience/tenants/aMNJNbtGa2X0voSeifpg/experiences/5TlzKam9F8k30MJdpdFI/version/v1/languageCode/fr","mohammednizhar.p+53@carear.com","Analyst","DELETE","NA","403","{""error"":""Insufficient Permission"",""message"":""Failed to authenticate the User""}"
"Pass","Confluence - NotAllowed","ActualResult - NotAllowed","deleteInstructExperienceLanguage","https://canada.hyperspace.apiv2.carear.app/tenantAdmin/instructExperience/tenants/aMNJNbtGa2X0voSeifpg/experiences/5TlzKam9F8k30MJdpdFI/version/v1/languageCode/fr","mohammednizhar.p+55@carear.com","User","DELETE","NA","403","{""error"":""Insufficient Permission"",""message"":""Failed to authenticate the User""}"
"Pass","Confluence - Allowed","ActualResult - Allowed","deleteInstructExperienceLanguage","https://canada.hyperspace.apiv2.carear.app/tenantAdmin/instructExperience/tenants/aMNJNbtGa2X0voSeifpg/experiences/5TlzKam9F8k30MJdpdFI/version/v1/languageCode/fr","mohammednizhar.p+54@carear.com","Creator","DELETE","NA","200","{""message"":""Successfully deleted instruct experience language""}"
"Pass","Confluence - NotAllowed","ActualResult - NotAllowed","deleteInstructExperienceLanguage","https://canada.hyperspace.apiv2.carear.app/tenantAdmin/instructExperience/tenants/aMNJNbtGa2X0voSeifpg/experiences/5TlzKam9F8k30MJdpdFI/version/v1/languageCode/fr","mohammednizhar.p+56@carear.com","AnotherPrimaryTenantAdmin","DELETE","NA","403","{""message"":""Failed to delete instruct experience version "",""error"":""Insufficient Permission""}"
"Pass","Confluence - NotAllowed","ActualResult - NotAllowed","deleteInstructExperienceLanguage","https://canada.hyperspace.apiv2.carear.app/tenantAdmin/instructExperience/tenants/aMNJNbtGa2X0voSeifpg/experiences/5TlzKam9F8k30MJdpdFI/version/v1/languageCode/fr","mohammednizhar.p+57@carear.com","SecTenantAdminFromAnotherTenantUnderSameRegion","DELETE","NA","403","{""message"":""Failed to delete instruct experience version "",""error"":""Insufficient Permission""}"
"Pass","Confluence - NotAllowed","ActualResult - NotAllowed","deleteInstructExperienceLanguage","https://canada.hyperspace.apiv2.carear.app/tenantAdmin/instructExperience/tenants/aMNJNbtGa2X0voSeifpg/experiences/5TlzKam9F8k30MJdpdFI/version/v1/languageCode/fr","mohammednizhar.p+58@carear.com","AnalystRoleFromFromAnotherTenantUnderSameRegion","DELETE","NA","403","{""error"":""Insufficient Permission"",""message"":""Failed to authenticate the User""}"
"Pass","Confluence - NotAllowed","ActualResult - NotAllowed","deleteInstructExperienceLanguage","https://canada.hyperspace.apiv2.carear.app/tenantAdmin/instructExperience/tenants/aMNJNbtGa2X0voSeifpg/experiences/5TlzKam9F8k30MJdpdFI/version/v1/languageCode/fr","mohammednizhar.p+60@carear.com","UserRoleFromFromAnotherTenantUnderSameRegion","DELETE","NA","403","{""error"":""Insufficient Permission"",""message"":""Failed to authenticate the User""}"
"Pass","Confluence - NotAllowed","ActualResult - NotAllowed","deleteInstructExperienceLanguage","https://canada.hyperspace.apiv2.carear.app/tenantAdmin/instructExperience/tenants/aMNJNbtGa2X0voSeifpg/experiences/5TlzKam9F8k30MJdpdFI/version/v1/languageCode/fr","mohammednizhar.p+59@carear.com","CreatorRoleUserFromDifferentTenant","DELETE","NA","403","{""message"":""Failed to delete instruct experience version "",""error"":""Insufficient Permission""}"
"Pass","Confluence - NotAllowed","ActualResult - NotAllowed","deleteInstructExperienceLanguage","https://canada.hyperspace.apiv2.carear.app/tenantAdmin/instructExperience/tenants/aMNJNbtGa2X0voSeifpg/experiences/5TlzKam9F8k30MJdpdFI/version/v1/languageCode/fr","hyperspaceeu01.apiauto@gmail.com","DifferentRegionAPISuperAdmin","DELETE","NA","401","{""error"":""Invalid Token"",""message"":""Cannot destructure property 'aud' of 'jwt.decode(...)' as it is null.""}"
"Pass","Confluence - NotAllowed","ActualResult - NotAllowed","deleteInstructExperienceLanguage","https://canada.hyperspace.apiv2.carear.app/tenantAdmin/instructExperience/tenants/aMNJNbtGa2X0voSeifpg/experiences/5TlzKam9F8k30MJdpdFI/version/v1/languageCode/fr","hyperspaceeu02.apiauto@gmail.com","DifferentRegionSuperAdmin","DELETE","NA","401","{""error"":""Invalid Token"",""message"":""Cannot destructure property 'aud' of 'jwt.decode(...)' as it is null.""}"
"Pass","Confluence - NotAllowed","ActualResult - NotAllowed","deleteInstructExperienceLanguage","https://canada.hyperspace.apiv2.carear.app/tenantAdmin/instructExperience/tenants/aMNJNbtGa2X0voSeifpg/experiences/5TlzKam9F8k30MJdpdFI/version/v1/languageCode/fr","mohammednizhar.p+35@carear.com","DifferentRegionSystemAnalyst","DELETE","NA","401","{""error"":""Invalid Token"",""message"":""Cannot destructure property 'aud' of 'jwt.decode(...)' as it is null.""}"
"Pass","Confluence - NotAllowed","ActualResult - NotAllowed","deleteInstructExperienceLanguage","https://canada.hyperspace.apiv2.carear.app/tenantAdmin/instructExperience/tenants/aMNJNbtGa2X0voSeifpg/experiences/5TlzKam9F8k30MJdpdFI/version/v1/languageCode/fr","mohammednizhar.p+36@carear.com","DiffRegionPartnerCreator","DELETE","NA","401","{""error"":""Invalid Token"",""message"":""Cannot destructure property 'aud' of 'jwt.decode(...)' as it is null.""}"
